Tanggal Transaksi,Nama Resto,Tipe Pesanan,Nomor Pesanan,Rating untuk Resto,Review,Nama Menu,Tag yang Dipilih
10/2/2024,Nasi Goreng Polonia,Gofood Delivery,F-2616596270,4,,"Nasi Goreng Kambing, Kwetiau Goreng / Kuah Ayam Bakso",
10/2/2024,Nasi Goreng Polonia,Gofood Delivery,F-2616596270,4,,"Nasi Goreng Kambing, Kwetiau Goreng / Kuah Ayam Bakso",
10/2/2024,Nasi Goreng Polonia,Gofood Delivery,F-2616596270,4,,"Nasi Goreng Kambing, Kwetiau Goreng / Kuah Ayam Bakso",
10/7/2024,Nasi Goreng Polonia,Gofood Delivery,F-2622650317,5,,Nasi Goreng Ati Ampela,
10/7/2024,Nasi Goreng Polonia,Gofood Delivery,F-2622650317,5,,Nasi Goreng Ati Ampela,
10/7/2024,Nasi Goreng Polonia,Gofood Delivery,F-2622650317,5,,Nasi Goreng Ati Ampela,
10/10/2024,Nasi Goreng Polonia,Gofood Delivery,F-2625760663,5,,"Kwetiau Siram, Nasi Goreng Ati Ampela",
10/10/2024,Nasi Goreng Polonia,Gofood Delivery,F-2625760663,5,,"Kwetiau Siram, Nasi Goreng Ati Ampela",
10/10/2024,Nasi Goreng Polonia,Gofood Delivery,F-2625760663,5,,"Kwetiau Siram, Nasi Goreng Ati Ampela",
10/11/2024,Nasi Goreng Polonia,Gofood Delivery,F-2626691980,5,,"Nasi Goreng Pete Ati Ampela, Nasi Goreng Kambing, Nasi Goreng Ayam Bakso",
10/11/2024,Nasi Goreng Polonia,Gofood Delivery,F-2626691980,5,,"Nasi Goreng Pete Ati Ampela, Nasi Goreng Kambing, Nasi Goreng Ayam Bakso",
10/11/2024,Nasi Goreng Polonia,Gofood Delivery,F-2626691980,5,,"Nasi Goreng Pete Ati Ampela, Nasi Goreng Kambing, Nasi Goreng Ayam Bakso",
10/13/2024,Nasi Goreng Polonia,Gofood Delivery,F-2629362503,3,"kali ini saya berikan bintang 3 saja
sebelum2nya tdk pernah ada issue pemesanan
tapi kali ini pesanan kwetiau kuah ayam bakso yg sy pesan tanpa catatan pedan atau pedas sedang,
makanan yang datang pedas, 
saya tidak berikan catatan dengan maksud bahwa sajian tdk pedas/pedas sedang, ataukah harus saya berikan catatan juga?
untuk pesanan 1nya tidak masalah","Kwetiau Goreng / Kuah Ayam Bakso, Bihun Goreng / Kuah Ayam Bakso",
10/13/2024,Nasi Goreng Polonia,Gofood Delivery,F-2629362503,3,"kali ini saya berikan bintang 3 saja
sebelum2nya tdk pernah ada issue pemesanan
tapi kali ini pesanan kwetiau kuah ayam bakso yg sy pesan tanpa catatan pedan atau pedas sedang,
makanan yang datang pedas, 
saya tidak berikan catatan dengan maksud bahwa sajian tdk pedas/pedas sedang, ataukah harus saya berikan catatan juga?
untuk pesanan 1nya tidak masalah","Kwetiau Goreng / Kuah Ayam Bakso, Bihun Goreng / Kuah Ayam Bakso",
10/13/2024,Nasi Goreng Polonia,Gofood Delivery,F-2629362503,3,"kali ini saya berikan bintang 3 saja
sebelum2nya tdk pernah ada issue pemesanan
tapi kali ini pesanan kwetiau kuah ayam bakso yg sy pesan tanpa catatan pedan atau pedas sedang,
makanan yang datang pedas, 
saya tidak berikan catatan dengan maksud bahwa sajian tdk pedas/pedas sedang, ataukah harus saya berikan catatan juga?
untuk pesanan 1nya tidak masalah","Kwetiau Goreng / Kuah Ayam Bakso, Bihun Goreng / Kuah Ayam Bakso",
10/15/2024,Nasi Goreng Polonia,Gofood Delivery,F-2631519399,3,,Nasi Goreng Ati Ampela,CANNED_RESPONSE_TASTE
10/15/2024,Nasi Goreng Polonia,Gofood Delivery,F-2631519399,3,,Nasi Goreng Ati Ampela,CANNED_RESPONSE_TASTE
10/15/2024,Nasi Goreng Polonia,Gofood Delivery,F-2631519399,3,,Nasi Goreng Ati Ampela,CANNED_RESPONSE_TASTE
10/16/2024,Nasi Goreng Polonia,Gofood Delivery,F-2632771106,4,"nasi gorengnya enakkk, tapi porsinya kebanyakan utk org yang biasa makannya ga byk ???? mungkin bisa dibuat pilihan porsi nya ada yang normal dan ada yang setengah porsi. sayang bgt mubazir ??????",Nasi Goreng Ayam,
10/16/2024,Nasi Goreng Polonia,Gofood Delivery,F-2632771106,4,"nasi gorengnya enakkk, tapi porsinya kebanyakan utk org yang biasa makannya ga byk ???? mungkin bisa dibuat pilihan porsi nya ada yang normal dan ada yang setengah porsi. sayang bgt mubazir ??????",Nasi Goreng Ayam,
10/16/2024,Nasi Goreng Polonia,Gofood Delivery,F-2632771106,4,"nasi gorengnya enakkk, tapi porsinya kebanyakan utk org yang biasa makannya ga byk ???? mungkin bisa dibuat pilihan porsi nya ada yang normal dan ada yang setengah porsi. sayang bgt mubazir ??????",Nasi Goreng Ayam,
10/17/2024,Nasi Goreng Polonia,Gofood Delivery,F-2633750482,5,,"Kwetiau Goreng / Kuah Ayam Bakso, Nasi Goreng Special",
10/17/2024,Nasi Goreng Polonia,Gofood Delivery,F-2633750482,5,,"Kwetiau Goreng / Kuah Ayam Bakso, Nasi Goreng Special",
10/17/2024,Nasi Goreng Polonia,Gofood Delivery,F-2633750482,5,,"Kwetiau Goreng / Kuah Ayam Bakso, Nasi Goreng Special",
10/17/2024,Nasi Goreng Polonia,Gofood Delivery,F-2633790827,5,"chef-nya memerhatikan catatan dari pembeli, porsi beneran banyak dan rasanya cukup enak. puas lah",Nasi Goreng Special,"CANNED_RESPONSE_PORTION, CANNED_RESPONSE_FRESHNESS, CANNED_RESPONSE_TASTE"
10/17/2024,Nasi Goreng Polonia,Gofood Delivery,F-2633790827,5,"chef-nya memerhatikan catatan dari pembeli, porsi beneran banyak dan rasanya cukup enak. puas lah",Nasi Goreng Special,"CANNED_RESPONSE_PORTION, CANNED_RESPONSE_FRESHNESS, CANNED_RESPONSE_TASTE"
10/17/2024,Nasi Goreng Polonia,Gofood Delivery,F-2633790827,5,"chef-nya memerhatikan catatan dari pembeli, porsi beneran banyak dan rasanya cukup enak. puas lah",Nasi Goreng Special,"CANNED_RESPONSE_PORTION, CANNED_RESPONSE_FRESHNESS, CANNED_RESPONSE_TASTE"
10/18/2024,Nasi Goreng Polonia,Gofood Delivery,F-2634627942,5,,"Nasi Goreng Ayam Bakso, Nasi Goreng Pete, Nasi Goreng Special","CANNED_RESPONSE_PORTION, CANNED_RESPONSE_VALUE"
10/18/2024,Nasi Goreng Polonia,Gofood Delivery,F-2634627942,5,,"Nasi Goreng Ayam Bakso, Nasi Goreng Pete, Nasi Goreng Special","CANNED_RESPONSE_PORTION, CANNED_RESPONSE_VALUE"
10/18/2024,Nasi Goreng Polonia,Gofood Delivery,F-2634627942,5,,"Nasi Goreng Ayam Bakso, Nasi Goreng Pete, Nasi Goreng Special","CANNED_RESPONSE_PORTION, CANNED_RESPONSE_VALUE"
10/22/2024,Nasi Goreng Polonia,Gofood Delivery,F-2639826644,4,,"Nasi Goreng Ayam, Bihun Goreng / Kuah Ayam",
10/22/2024,Nasi Goreng Polonia,Gofood Delivery,F-2639826644,4,,"Nasi Goreng Ayam, Bihun Goreng / Kuah Ayam",
10/22/2024,Nasi Goreng Polonia,Gofood Delivery,F-2639826644,4,,"Nasi Goreng Ayam, Bihun Goreng / Kuah Ayam",
10/24/2024,Nasi Goreng Polonia,Gofood Delivery,F-2641962912,5,,Nasi Goreng Ati Ampela,
10/24/2024,Nasi Goreng Polonia,Gofood Delivery,F-2641962912,5,,Nasi Goreng Ati Ampela,
10/24/2024,Nasi Goreng Polonia,Gofood Delivery,F-2641962912,5,,Nasi Goreng Ati Ampela,
10/25/2024,Nasi Goreng Polonia,Gofood Delivery,F-2643125700,4,,Nasi Goreng Pete Ati Ampela,"CANNED_RESPONSE_FRESHNESS, CANNED_RESPONSE_HYGIENE, CANNED_RESPONSE_TASTE, CANNED_RESPONSE_PRICE, CANNED_RESPONSE_VALUE"
10/25/2024,Nasi Goreng Polonia,Gofood Delivery,F-2643125700,4,,Nasi Goreng Pete Ati Ampela,"CANNED_RESPONSE_FRESHNESS, CANNED_RESPONSE_HYGIENE, CANNED_RESPONSE_TASTE, CANNED_RESPONSE_PRICE, CANNED_RESPONSE_VALUE"
10/25/2024,Nasi Goreng Polonia,Gofood Delivery,F-2643125700,4,,Nasi Goreng Pete Ati Ampela,"CANNED_RESPONSE_FRESHNESS, CANNED_RESPONSE_HYGIENE, CANNED_RESPONSE_TASTE, CANNED_RESPONSE_PRICE, CANNED_RESPONSE_VALUE"
10/26/2024,Nasi Goreng Polonia,Gofood Delivery,F-2644043525,4,,"Nasi Goreng Special, Air Jeruk",
10/26/2024,Nasi Goreng Polonia,Gofood Delivery,F-2644043525,4,,"Nasi Goreng Special, Air Jeruk",
10/26/2024,Nasi Goreng Polonia,Gofood Delivery,F-2644043525,4,,"Nasi Goreng Special, Air Jeruk",
10/26/2024,Nasi Goreng Polonia,Gofood Delivery,F-2644271758,5,enakkk selalu enak pas murah meriah,"Nasi Goreng Ati Ampela, Bihun Goreng / Kuah Ayam Bakso",
10/26/2024,Nasi Goreng Polonia,Gofood Delivery,F-2644271758,5,enakkk selalu enak pas murah meriah,"Nasi Goreng Ati Ampela, Bihun Goreng / Kuah Ayam Bakso",
10/26/2024,Nasi Goreng Polonia,Gofood Delivery,F-2644271758,5,enakkk selalu enak pas murah meriah,"Nasi Goreng Ati Ampela, Bihun Goreng / Kuah Ayam Bakso",
10/26/2024,Nasi Goreng Polonia,Gofood Delivery,F-2644319755,5,,"Nasi Goreng Ati Ampela, Capcay Goreng / Kuah","CANNED_RESPONSE_PORTION, CANNED_RESPONSE_VALUE"
10/26/2024,Nasi Goreng Polonia,Gofood Delivery,F-2644319755,5,,"Nasi Goreng Ati Ampela, Capcay Goreng / Kuah","CANNED_RESPONSE_PORTION, CANNED_RESPONSE_VALUE"
10/26/2024,Nasi Goreng Polonia,Gofood Delivery,F-2644319755,5,,"Nasi Goreng Ati Ampela, Capcay Goreng / Kuah","CANNED_RESPONSE_PORTION, CANNED_RESPONSE_VALUE"
10/29/2024,Nasi Goreng Polonia,Gofood Delivery,F-2647915245,5,,"Nasi Goreng Special, Kwetiau Goreng / Kuah Ayam Bakso",
10/29/2024,Nasi Goreng Polonia,Gofood Delivery,F-2647915245,5,,"Nasi Goreng Special, Kwetiau Goreng / Kuah Ayam Bakso",
10/29/2024,Nasi Goreng Polonia,Gofood Delivery,F-2647915245,5,,"Nasi Goreng Special, Kwetiau Goreng / Kuah Ayam Bakso",
10/30/2024,Nasi Goreng Polonia,Gofood Delivery,F-2648480065,1,"order mie, udh di note pedes dikit aja. naudzubillah malah pedes bgt tu mie, kagak kemakan MUBAZIR, kebuang tu miee. masa iya baca note ga keliatan, apa kudu di capslock? huu kecewa bgt
lain kali harap teliti sama note para cs!",Mie Goreng / Kuah Ayam,
10/30/2024,Nasi Goreng Polonia,Gofood Delivery,F-2648480065,1,"order mie, udh di note pedes dikit aja. naudzubillah malah pedes bgt tu mie, kagak kemakan MUBAZIR, kebuang tu miee. masa iya baca note ga keliatan, apa kudu di capslock? huu kecewa bgt
lain kali harap teliti sama note para cs!",Mie Goreng / Kuah Ayam,
10/30/2024,Nasi Goreng Polonia,Gofood Delivery,F-2648480065,1,"order mie, udh di note pedes dikit aja. naudzubillah malah pedes bgt tu mie, kagak kemakan MUBAZIR, kebuang tu miee. masa iya baca note ga keliatan, apa kudu di capslock? huu kecewa bgt
lain kali harap teliti sama note para cs!",Mie Goreng / Kuah Ayam,
11/2/2024,Nasi Goreng Polonia,Gofood Delivery,F-2652819375,5,,"Kwetiau Goreng / Kuah Ayam Bakso, Nasi Goreng Ayam Bakso",
11/2/2024,Nasi Goreng Polonia,Gofood Delivery,F-2652819375,5,,"Kwetiau Goreng / Kuah Ayam Bakso, Nasi Goreng Ayam Bakso",
11/2/2024,Nasi Goreng Polonia,Gofood Delivery,F-2652819375,5,,"Kwetiau Goreng / Kuah Ayam Bakso, Nasi Goreng Ayam Bakso",
11/6/2024,Nasi Goreng Polonia,Gofood Delivery,F-2657662638,5,,"Mie Goreng / Kuah Ayam, Nasi Goreng Seafood","CANNED_RESPONSE_FRESHNESS, CANNED_RESPONSE_TASTE, CANNED_RESPONSE_PORTION, CANNED_RESPONSE_PACKAGING, CANNED_RESPONSE_HYGIENE, CANNED_RESPONSE_VALUE, CANNED_RESPONSE_CUTLERY"
11/6/2024,Nasi Goreng Polonia,Gofood Delivery,F-2657662638,5,,"Mie Goreng / Kuah Ayam, Nasi Goreng Seafood","CANNED_RESPONSE_FRESHNESS, CANNED_RESPONSE_TASTE, CANNED_RESPONSE_PORTION, CANNED_RESPONSE_PACKAGING, CANNED_RESPONSE_HYGIENE, CANNED_RESPONSE_VALUE, CANNED_RESPONSE_CUTLERY"
11/6/2024,Nasi Goreng Polonia,Gofood Delivery,F-2657662638,5,,"Mie Goreng / Kuah Ayam, Nasi Goreng Seafood","CANNED_RESPONSE_FRESHNESS, CANNED_RESPONSE_TASTE, CANNED_RESPONSE_PORTION, CANNED_RESPONSE_PACKAGING, CANNED_RESPONSE_HYGIENE, CANNED_RESPONSE_VALUE, CANNED_RESPONSE_CUTLERY"
11/6/2024,Nasi Goreng Polonia,Gofood Delivery,F-2657702861,5,,"Kwetiau Goreng / Kuah Ayam Bakso, Nasi Goreng Ayam Bakso",
11/6/2024,Nasi Goreng Polonia,Gofood Delivery,F-2657702861,5,,"Kwetiau Goreng / Kuah Ayam Bakso, Nasi Goreng Ayam Bakso",
11/6/2024,Nasi Goreng Polonia,Gofood Delivery,F-2657702861,5,,"Kwetiau Goreng / Kuah Ayam Bakso, Nasi Goreng Ayam Bakso",
11/7/2024,Nasi Goreng Polonia,Gofood Delivery,F-2658741574,5,,Nasi Goreng Ayam Bakso,
11/7/2024,Nasi Goreng Polonia,Gofood Delivery,F-2658741574,5,,Nasi Goreng Ayam Bakso,
11/7/2024,Nasi Goreng Polonia,Gofood Delivery,F-2658741574,5,,Nasi Goreng Ayam Bakso,
11/8/2024,Nasi Goreng Polonia,Gofood Delivery,F-2659628801,3,,Nasi Goreng Ati Ampela,CANNED_RESPONSE_TASTE
11/8/2024,Nasi Goreng Polonia,Gofood Delivery,F-2659628801,3,,Nasi Goreng Ati Ampela,CANNED_RESPONSE_TASTE
11/8/2024,Nasi Goreng Polonia,Gofood Delivery,F-2659628801,3,,Nasi Goreng Ati Ampela,CANNED_RESPONSE_TASTE
11/13/2024,Nasi Goreng Polonia,Gofood Delivery,F-2665806656,5,,Nasi Goreng Ati Ampela,
11/13/2024,Nasi Goreng Polonia,Gofood Delivery,F-2665806656,5,,Nasi Goreng Ati Ampela,
11/13/2024,Nasi Goreng Polonia,Gofood Delivery,F-2665806656,5,,Nasi Goreng Ati Ampela,
11/13/2024,Nasi Goreng Polonia,Gofood Delivery,F-2665994849,5,,Nasi Goreng Special,
11/13/2024,Nasi Goreng Polonia,Gofood Delivery,F-2665994849,5,,Nasi Goreng Special,
11/13/2024,Nasi Goreng Polonia,Gofood Delivery,F-2665994849,5,,Nasi Goreng Special,
11/19/2024,Nasi Goreng Polonia,Gofood Delivery,F-2672934919,5,,Nasi Goreng Ayam Bakso,
11/19/2024,Nasi Goreng Polonia,Gofood Delivery,F-2672934919,5,,Nasi Goreng Ayam Bakso,
11/19/2024,Nasi Goreng Polonia,Gofood Delivery,F-2672934919,5,,Nasi Goreng Ayam Bakso,
11/19/2024,Nasi Goreng Polonia,Gofood Delivery,F-2672953591,4,,Nasi Goreng Ayam Bakso,
11/19/2024,Nasi Goreng Polonia,Gofood Delivery,F-2672953591,4,,Nasi Goreng Ayam Bakso,
11/19/2024,Nasi Goreng Polonia,Gofood Delivery,F-2672953591,4,,Nasi Goreng Ayam Bakso,
11/24/2024,Nasi Goreng Polonia,Gofood Delivery,F-2678728959,5,,Nasi Goreng Ayam Bakso,
11/24/2024,Nasi Goreng Polonia,Gofood Delivery,F-2678728959,5,,Nasi Goreng Ayam Bakso,
11/24/2024,Nasi Goreng Polonia,Gofood Delivery,F-2678728959,5,,Nasi Goreng Ayam Bakso,
11/27/2024,Nasi Goreng Polonia,Gofood Delivery,F-2682475762,5,,Nasi Goreng Teri Medan,
11/27/2024,Nasi Goreng Polonia,Gofood Delivery,F-2682475762,5,,Nasi Goreng Teri Medan,
11/27/2024,Nasi Goreng Polonia,Gofood Delivery,F-2682475762,5,,Nasi Goreng Teri Medan,
12/4/2024,Nasi Goreng Polonia,Gofood Delivery,F-2690710334,5,,Nasi Goreng Ati Ampela,
12/4/2024,Nasi Goreng Polonia,Gofood Delivery,F-2690710334,5,,Nasi Goreng Ati Ampela,
12/4/2024,Nasi Goreng Polonia,Gofood Delivery,F-2690710334,5,,Nasi Goreng Ati Ampela,
12/4/2024,Nasi Goreng Polonia,Gofood Delivery,F-2690758503,5,,"Nasi Goreng Ikan Asin, Nasi Goreng Pete",
12/4/2024,Nasi Goreng Polonia,Gofood Delivery,F-2690758503,5,,"Nasi Goreng Ikan Asin, Nasi Goreng Pete",
12/4/2024,Nasi Goreng Polonia,Gofood Delivery,F-2690758503,5,,"Nasi Goreng Ikan Asin, Nasi Goreng Pete",
12/5/2024,Nasi Goreng Polonia,Gofood Delivery,F-2691991284,5,,Nasi Goreng Teri Medan,
12/5/2024,Nasi Goreng Polonia,Gofood Delivery,F-2691991284,5,,Nasi Goreng Teri Medan,
12/5/2024,Nasi Goreng Polonia,Gofood Delivery,F-2691991284,5,,Nasi Goreng Teri Medan,
12/7/2024,Nasi Goreng Polonia,Gofood Delivery,F-2693536570,5,,Capcay Goreng / Kuah,
12/7/2024,Nasi Goreng Polonia,Gofood Delivery,F-2693536570,5,,Capcay Goreng / Kuah,
12/7/2024,Nasi Goreng Polonia,Gofood Delivery,F-2693536570,5,,Capcay Goreng / Kuah,
12/10/2024,Nasi Goreng Polonia,Gofood Delivery,F-2697863576,5,"mantep porsinya banyak, rasanya lezat. Best deh",Nasi Goreng Special,"CANNED_RESPONSE_FRESHNESS, CANNED_RESPONSE_TASTE, CANNED_RESPONSE_PORTION, CANNED_RESPONSE_VALUE"
12/10/2024,Nasi Goreng Polonia,Gofood Delivery,F-2697863576,5,"mantep porsinya banyak, rasanya lezat. Best deh",Nasi Goreng Special,"CANNED_RESPONSE_FRESHNESS, CANNED_RESPONSE_TASTE, CANNED_RESPONSE_PORTION, CANNED_RESPONSE_VALUE"
12/10/2024,Nasi Goreng Polonia,Gofood Delivery,F-2697863576,5,"mantep porsinya banyak, rasanya lezat. Best deh",Nasi Goreng Special,"CANNED_RESPONSE_FRESHNESS, CANNED_RESPONSE_TASTE, CANNED_RESPONSE_PORTION, CANNED_RESPONSE_VALUE"
12/21/2024,Nasi Goreng Polonia,Gofood Delivery,F-2710283893,5,,"Bihun Goreng / Kuah Ayam, Nasi Goreng Ayam","CANNED_RESPONSE_PORTION, CANNED_RESPONSE_PACKAGING, CANNED_RESPONSE_CUTLERY, CANNED_RESPONSE_VALUE, CANNED_RESPONSE_HYGIENE, CANNED_RESPONSE_FRESHNESS, CANNED_RESPONSE_TASTE"
12/21/2024,Nasi Goreng Polonia,Gofood Delivery,F-2710283893,5,,"Bihun Goreng / Kuah Ayam, Nasi Goreng Ayam","CANNED_RESPONSE_PORTION, CANNED_RESPONSE_PACKAGING, CANNED_RESPONSE_CUTLERY, CANNED_RESPONSE_VALUE, CANNED_RESPONSE_HYGIENE, CANNED_RESPONSE_FRESHNESS, CANNED_RESPONSE_TASTE"
12/21/2024,Nasi Goreng Polonia,Gofood Delivery,F-2710283893,5,,"Bihun Goreng / Kuah Ayam, Nasi Goreng Ayam","CANNED_RESPONSE_PORTION, CANNED_RESPONSE_PACKAGING, CANNED_RESPONSE_CUTLERY, CANNED_RESPONSE_VALUE, CANNED_RESPONSE_HYGIENE, CANNED_RESPONSE_FRESHNESS, CANNED_RESPONSE_TASTE"
12/22/2024,Nasi Goreng Polonia,Gofood Delivery,F-2711860622,5,,"Nasi Goreng Ati Ampela, Nasi Goreng Ayam Bakso",
12/22/2024,Nasi Goreng Polonia,Gofood Delivery,F-2711860622,5,,"Nasi Goreng Ati Ampela, Nasi Goreng Ayam Bakso",
12/22/2024,Nasi Goreng Polonia,Gofood Delivery,F-2711860622,5,,"Nasi Goreng Ati Ampela, Nasi Goreng Ayam Bakso",
12/23/2024,Nasi Goreng Polonia,Gofood Delivery,F-2712751359,5,,Nasi Goreng Special,
12/23/2024,Nasi Goreng Polonia,Gofood Delivery,F-2712751359,5,,Nasi Goreng Special,
12/23/2024,Nasi Goreng Polonia,Gofood Delivery,F-2712751359,5,,Nasi Goreng Special,
12/25/2024,Nasi Goreng Polonia,Gofood Delivery,F-2715157091,3,kenapa ngga ada Pete nya... padahal pesen nya pakai Pete Ati Ampela,"Nasi Goreng Special, Nasi Goreng Pete Ati Ampela, Air Jeruk, Es Teh Tawar",
12/25/2024,Nasi Goreng Polonia,Gofood Delivery,F-2715157091,3,kenapa ngga ada Pete nya... padahal pesen nya pakai Pete Ati Ampela,"Nasi Goreng Special, Nasi Goreng Pete Ati Ampela, Air Jeruk, Es Teh Tawar",
12/25/2024,Nasi Goreng Polonia,Gofood Delivery,F-2715157091,3,kenapa ngga ada Pete nya... padahal pesen nya pakai Pete Ati Ampela,"Nasi Goreng Special, Nasi Goreng Pete Ati Ampela, Air Jeruk, Es Teh Tawar",
12/30/2024,Nasi Goreng Polonia,Gofood Delivery,F-2719869593,5,,"Nasi Goreng Special, Nasi Goreng Kambing, Nasi Goreng Teri Medan, Kwetiau Goreng / Kuah Ayam Bakso, Mie Goreng / Kuah Ayam Bakso",
12/30/2024,Nasi Goreng Polonia,Gofood Delivery,F-2719869593,5,,"Nasi Goreng Special, Nasi Goreng Kambing, Nasi Goreng Teri Medan, Kwetiau Goreng / Kuah Ayam Bakso, Mie Goreng / Kuah Ayam Bakso",
12/30/2024,Nasi Goreng Polonia,Gofood Delivery,F-2719869593,5,,"Nasi Goreng Special, Nasi Goreng Kambing, Nasi Goreng Teri Medan, Kwetiau Goreng / Kuah Ayam Bakso, Mie Goreng / Kuah Ayam Bakso",
12/30/2024,Nasi Goreng Polonia,Gofood Delivery,F-2720295188,5,Mantap rasa nya mantap juga porsi nya,"Nasi Goreng Pete, Kwetiau Kuah Ayam",
12/30/2024,Nasi Goreng Polonia,Gofood Delivery,F-2720295188,5,Mantap rasa nya mantap juga porsi nya,"Nasi Goreng Pete, Kwetiau Kuah Ayam",
12/30/2024,Nasi Goreng Polonia,Gofood Delivery,F-2720295188,5,Mantap rasa nya mantap juga porsi nya,"Nasi Goreng Pete, Kwetiau Kuah Ayam",
1/1/2025,Nasi Goreng Polonia,Gofood Delivery,F-2722007246,5,,Nasi Goreng Special,
1/1/2025,Nasi Goreng Polonia,Gofood Delivery,F-2722007246,5,,Nasi Goreng Special,
1/2/2025,Nasi Goreng Polonia,Gofood Delivery,F-2723655181,5,,"Nasi Goreng Ayam, Nasi Goreng Pete Ati Ampela, Nasi Goreng Pete Ati Ampela",
1/2/2025,Nasi Goreng Polonia,Gofood Delivery,F-2723655181,5,,"Nasi Goreng Ayam, Nasi Goreng Pete Ati Ampela, Nasi Goreng Pete Ati Ampela",
1/3/2025,Nasi Goreng Polonia,Gofood Delivery,F-2724429111,4,,Nasi Goreng Ati Ampela,
1/3/2025,Nasi Goreng Polonia,Gofood Delivery,F-2724429111,4,,Nasi Goreng Ati Ampela,
1/3/2025,Nasi Goreng Polonia,Gofood Delivery,F-2724488019,5,,"Nasi Goreng Ayam Bakso, Capcay Goreng / Kuah",
1/3/2025,Nasi Goreng Polonia,Gofood Delivery,F-2724488019,5,,"Nasi Goreng Ayam Bakso, Capcay Goreng / Kuah",
1/3/2025,Nasi Goreng Polonia,Gofood Delivery,F-2724550829,5,,"Ifu Mie, Air Jeruk",
1/3/2025,Nasi Goreng Polonia,Gofood Delivery,F-2724550829,5,,"Ifu Mie, Air Jeruk",
1/9/2025,Nasi Goreng Polonia,Gofood Delivery,F-2730545794,5,Tiap hari makan iniiiii,"Nasi Goreng Ayam, Mie Goreng / Kuah Ayam","CANNED_RESPONSE_TASTE, CANNED_RESPONSE_PORTION"
1/9/2025,Nasi Goreng Polonia,Gofood Delivery,F-2730545794,5,Tiap hari makan iniiiii,"Nasi Goreng Ayam, Mie Goreng / Kuah Ayam","CANNED_RESPONSE_TASTE, CANNED_RESPONSE_PORTION"
1/13/2025,Nasi Goreng Polonia,Gofood Delivery,F-2734599289,5,,Nasi Goreng Special,"CANNED_RESPONSE_FRESHNESS, CANNED_RESPONSE_TASTE, CANNED_RESPONSE_HYGIENE, CANNED_RESPONSE_PORTION, CANNED_RESPONSE_PACKAGING, CANNED_RESPONSE_VALUE"
1/13/2025,Nasi Goreng Polonia,Gofood Delivery,F-2734599289,5,,Nasi Goreng Special,"CANNED_RESPONSE_FRESHNESS, CANNED_RESPONSE_TASTE, CANNED_RESPONSE_HYGIENE, CANNED_RESPONSE_PORTION, CANNED_RESPONSE_PACKAGING, CANNED_RESPONSE_VALUE"
1/13/2025,Nasi Goreng Polonia,Gofood Delivery,F-2734710508,3,"tolong dirasa2 lagi ketika request pedes, terlalu kepedesan byk biji cabenya. semoga semakin laris manis. terima kasih","Nasi Goreng Ayam Bakso, Kwetiau Goreng / Kuah Ayam Bakso",
1/13/2025,Nasi Goreng Polonia,Gofood Delivery,F-2734710508,3,"tolong dirasa2 lagi ketika request pedes, terlalu kepedesan byk biji cabenya. semoga semakin laris manis. terima kasih","Nasi Goreng Ayam Bakso, Kwetiau Goreng / Kuah Ayam Bakso",
1/13/2025,Nasi Goreng Polonia,Gofood Delivery,F-2734893812,5,,Nasi Goreng Ati Ampela,
1/13/2025,Nasi Goreng Polonia,Gofood Delivery,F-2734893812,5,,Nasi Goreng Ati Ampela,
1/16/2025,Nasi Goreng Polonia,Gofood Delivery,F-2737543269,5,,"Nasi Goreng Special, Nasi Goreng Ati Ampela, Es Teh Tawar, Mie Goreng / Kuah Ayam Bakso",
1/16/2025,Nasi Goreng Polonia,Gofood Delivery,F-2737543269,5,,"Nasi Goreng Special, Nasi Goreng Ati Ampela, Es Teh Tawar, Mie Goreng / Kuah Ayam Bakso",
1/16/2025,Nasi Goreng Polonia,Gofood Delivery,F-2737672281,5,,Nasi Goreng Ayam Bakso,"CANNED_RESPONSE_FRESHNESS, CANNED_RESPONSE_TASTE, CANNED_RESPONSE_PORTION"
1/16/2025,Nasi Goreng Polonia,Gofood Delivery,F-2737672281,5,,Nasi Goreng Ayam Bakso,"CANNED_RESPONSE_FRESHNESS, CANNED_RESPONSE_TASTE, CANNED_RESPONSE_PORTION"
1/18/2025,Nasi Goreng Polonia,Gofood Delivery,F-2739646609,5,,"Mie Goreng / Kuah Ayam Bakso, Kwetiau Goreng / Kuah Ayam Bakso",
1/18/2025,Nasi Goreng Polonia,Gofood Delivery,F-2739646609,5,,"Mie Goreng / Kuah Ayam Bakso, Kwetiau Goreng / Kuah Ayam Bakso",
1/18/2025,Nasi Goreng Polonia,Gofood Delivery,F-2739798137,5,"PORSI NYA BANYAK BGTTTTT, GA EXPECT BGTT, INI PORSI NASGOR DAN MIE TERBANYAK DI JAKARTAAAA????","Kwetiau Goreng / Kuah Ayam Bakso, Mie Goreng / Kuah Ayam Bakso","CANNED_RESPONSE_FRESHNESS, CANNED_RESPONSE_TASTE, CANNED_RESPONSE_PORTION, CANNED_RESPONSE_HYGIENE, CANNED_RESPONSE_PACKAGING, CANNED_RESPONSE_VALUE"
1/18/2025,Nasi Goreng Polonia,Gofood Delivery,F-2739798137,5,"PORSI NYA BANYAK BGTTTTT, GA EXPECT BGTT, INI PORSI NASGOR DAN MIE TERBANYAK DI JAKARTAAAA????","Kwetiau Goreng / Kuah Ayam Bakso, Mie Goreng / Kuah Ayam Bakso","CANNED_RESPONSE_FRESHNESS, CANNED_RESPONSE_TASTE, CANNED_RESPONSE_PORTION, CANNED_RESPONSE_HYGIENE, CANNED_RESPONSE_PACKAGING, CANNED_RESPONSE_VALUE"
1/19/2025,Nasi Goreng Polonia,Gofood Delivery,F-2740774961,5,,"Kwetiau Goreng / Kuah Ayam Bakso, Teh Manis ""Panas""",
1/19/2025,Nasi Goreng Polonia,Gofood Delivery,F-2740774961,5,,"Kwetiau Goreng / Kuah Ayam Bakso, Teh Manis ""Panas""",
1/19/2025,Nasi Goreng Polonia,Gofood Delivery,F-2740996295,4,,Nasi Goreng Ati Ampela,CANNED_RESPONSE_TASTE
1/19/2025,Nasi Goreng Polonia,Gofood Delivery,F-2740996295,4,,Nasi Goreng Ati Ampela,CANNED_RESPONSE_TASTE
1/20/2025,Nasi Goreng Polonia,Gofood Delivery,F-2741916275,5,,Mie Goreng / Kuah Ayam Bakso,"CANNED_RESPONSE_FRESHNESS, CANNED_RESPONSE_TASTE, CANNED_RESPONSE_PORTION, CANNED_RESPONSE_HYGIENE, CANNED_RESPONSE_PACKAGING, CANNED_RESPONSE_VALUE, CANNED_RESPONSE_CUTLERY"
1/20/2025,Nasi Goreng Polonia,Gofood Delivery,F-2741916275,5,,Mie Goreng / Kuah Ayam Bakso,"CANNED_RESPONSE_FRESHNESS, CANNED_RESPONSE_TASTE, CANNED_RESPONSE_PORTION, CANNED_RESPONSE_HYGIENE, CANNED_RESPONSE_PACKAGING, CANNED_RESPONSE_VALUE, CANNED_RESPONSE_CUTLERY"
1/20/2025,Nasi Goreng Polonia,Gofood Delivery,F-2741960442,5,,"Nasi Goreng Ayam Bakso, Mie Goreng / Kuah Ayam",
1/20/2025,Nasi Goreng Polonia,Gofood Delivery,F-2741960442,5,,"Nasi Goreng Ayam Bakso, Mie Goreng / Kuah Ayam",
1/21/2025,Nasi Goreng Polonia,Gofood Delivery,F-2742867012,5,,"Kwetiau Goreng / Kuah Ayam Bakso, Telur","CANNED_RESPONSE_FRESHNESS, CANNED_RESPONSE_TASTE, CANNED_RESPONSE_PORTION, CANNED_RESPONSE_HYGIENE, CANNED_RESPONSE_CUTLERY, CANNED_RESPONSE_PACKAGING, CANNED_RESPONSE_VALUE"
1/21/2025,Nasi Goreng Polonia,Gofood Delivery,F-2742867012,5,,"Kwetiau Goreng / Kuah Ayam Bakso, Telur","CANNED_RESPONSE_FRESHNESS, CANNED_RESPONSE_TASTE, CANNED_RESPONSE_PORTION, CANNED_RESPONSE_HYGIENE, CANNED_RESPONSE_CUTLERY, CANNED_RESPONSE_PACKAGING, CANNED_RESPONSE_VALUE"
1/22/2025,Nasi Goreng Polonia,Gofood Delivery,F-2743740512,5,,Nasi Goreng Ayam Bakso,
1/22/2025,Nasi Goreng Polonia,Gofood Delivery,F-2743740512,5,,Nasi Goreng Ayam Bakso,
1/23/2025,Nasi Goreng Polonia,Gofood Delivery,F-2744503944,5,,Nasi Goreng Ayam Bakso,
1/23/2025,Nasi Goreng Polonia,Gofood Delivery,F-2744503944,5,,Nasi Goreng Ayam Bakso,
1/23/2025,Nasi Goreng Polonia,Gofood Delivery,F-2744605398,5,,"Nasi Goreng Ayam Bakso, Nasi Goreng Bakso Kornet",
1/23/2025,Nasi Goreng Polonia,Gofood Delivery,F-2744605398,5,,"Nasi Goreng Ayam Bakso, Nasi Goreng Bakso Kornet",
1/24/2025,Nasi Goreng Polonia,Gofood Delivery,F-2745441446,5,,Nasi Goreng Special,
1/24/2025,Nasi Goreng Polonia,Gofood Delivery,F-2745441446,5,,Nasi Goreng Special,
1/25/2025,Nasi Goreng Polonia,Gofood Delivery,F-2746710250,5,,"Nasi Goreng Ayam, Nasi Goreng Ati Ampela",
1/25/2025,Nasi Goreng Polonia,Gofood Delivery,F-2746710250,5,,"Nasi Goreng Ayam, Nasi Goreng Ati Ampela",
1/28/2025,Nasi Goreng Polonia,Gofood Delivery,F-2749868179,5,,"Nasi Goreng Ati Ampela, Nasi Goreng Ayam Bakso, Teh Manis ""Dingin""",
1/28/2025,Nasi Goreng Polonia,Gofood Delivery,F-2749868179,5,,"Nasi Goreng Ati Ampela, Nasi Goreng Ayam Bakso, Teh Manis ""Dingin""",
1/28/2025,Nasi Goreng Polonia,Gofood Delivery,F-2750186227,3,,"Nasi Goreng Ayam Bakso, Mie Goreng / Kuah Ayam Bakso","CANNED_RESPONSE_TASTE, CANNED_RESPONSE_VALUE"
1/28/2025,Nasi Goreng Polonia,Gofood Delivery,F-2750186227,3,,"Nasi Goreng Ayam Bakso, Mie Goreng / Kuah Ayam Bakso","CANNED_RESPONSE_TASTE, CANNED_RESPONSE_VALUE"
1/28/2025,Nasi Goreng Polonia,Gofood Delivery,F-2750248069,5,rasa nya enak dan mantab..,Nasi Goreng Kambing,CANNED_RESPONSE_TASTE
1/28/2025,Nasi Goreng Polonia,Gofood Delivery,F-2750248069,5,rasa nya enak dan mantab..,Nasi Goreng Kambing,CANNED_RESPONSE_TASTE
1/30/2025,Nasi Goreng Polonia,Gofood Delivery,F-2752102687,4,,Nasi Goreng Ati Ampela,
1/30/2025,Nasi Goreng Polonia,Gofood Delivery,F-2752102687,4,,Nasi Goreng Ati Ampela,
1/30/2025,Nasi Goreng Polonia,Gofood Delivery,F-2752166455,5,,Nasi Goreng Ayam Bakso,
1/30/2025,Nasi Goreng Polonia,Gofood Delivery,F-2752166455,5,,Nasi Goreng Ayam Bakso,
2/1/2025,Nasi Goreng Polonia,Gofood Delivery,F-2753981453,5,,Nasi Goreng Ayam Bakso,"CANNED_RESPONSE_FRESHNESS, CANNED_RESPONSE_TASTE, CANNED_RESPONSE_PORTION, CANNED_RESPONSE_HYGIENE, CANNED_RESPONSE_PACKAGING, CANNED_RESPONSE_VALUE"
2/1/2025,Nasi Goreng Polonia,Gofood Delivery,F-2753981453,5,,Nasi Goreng Ayam Bakso,"CANNED_RESPONSE_FRESHNESS, CANNED_RESPONSE_TASTE, CANNED_RESPONSE_PORTION, CANNED_RESPONSE_HYGIENE, CANNED_RESPONSE_PACKAGING, CANNED_RESPONSE_VALUE"
2/1/2025,Nasi Goreng Polonia,Gofood Delivery,F-2753983608,5,,Nasi Goreng Ayam Bakso,"CANNED_RESPONSE_FRESHNESS, CANNED_RESPONSE_TASTE, CANNED_RESPONSE_PORTION, CANNED_RESPONSE_HYGIENE, CANNED_RESPONSE_PACKAGING, CANNED_RESPONSE_VALUE"
2/1/2025,Nasi Goreng Polonia,Gofood Delivery,F-2753983608,5,,Nasi Goreng Ayam Bakso,"CANNED_RESPONSE_FRESHNESS, CANNED_RESPONSE_TASTE, CANNED_RESPONSE_PORTION, CANNED_RESPONSE_HYGIENE, CANNED_RESPONSE_PACKAGING, CANNED_RESPONSE_VALUE"
2/3/2025,Nasi Goreng Polonia,Gofood Delivery,F-2756237144,4,agak asin rasany,Nasi Goreng Ayam Bakso,CANNED_RESPONSE_TASTE
2/3/2025,Nasi Goreng Polonia,Gofood Delivery,F-2756237144,4,agak asin rasany,Nasi Goreng Ayam Bakso,CANNED_RESPONSE_TASTE
2/3/2025,Nasi Goreng Polonia,Gofood Delivery,F-2756356861,5,,Nasi Goreng Kambing,"CANNED_RESPONSE_TASTE, CANNED_RESPONSE_PORTION, CANNED_RESPONSE_HYGIENE, CANNED_RESPONSE_PACKAGING, CANNED_RESPONSE_VALUE, CANNED_RESPONSE_CUTLERY"
2/3/2025,Nasi Goreng Polonia,Gofood Delivery,F-2756356861,5,,Nasi Goreng Kambing,"CANNED_RESPONSE_TASTE, CANNED_RESPONSE_PORTION, CANNED_RESPONSE_HYGIENE, CANNED_RESPONSE_PACKAGING, CANNED_RESPONSE_VALUE, CANNED_RESPONSE_CUTLERY"
2/4/2025,Nasi Goreng Polonia,Gofood Delivery,F-2757109238,5,,"Mie Goreng / Kuah Ayam Bakso, Nasi Goreng Bakso Kornet",
2/4/2025,Nasi Goreng Polonia,Gofood Delivery,F-2757109238,5,,"Mie Goreng / Kuah Ayam Bakso, Nasi Goreng Bakso Kornet",
2/5/2025,Nasi Goreng Polonia,Gofood Delivery,F-2757850492,5,,Nasi Goreng Ayam Bakso,"CANNED_RESPONSE_FRESHNESS, CANNED_RESPONSE_TASTE, CANNED_RESPONSE_PORTION, CANNED_RESPONSE_HYGIENE, CANNED_RESPONSE_PACKAGING, CANNED_RESPONSE_VALUE, CANNED_RESPONSE_CUTLERY"
2/5/2025,Nasi Goreng Polonia,Gofood Delivery,F-2757850545,5,,Nasi Goreng Ayam Bakso,"CANNED_RESPONSE_FRESHNESS, CANNED_RESPONSE_TASTE, CANNED_RESPONSE_PORTION, CANNED_RESPONSE_HYGIENE, CANNED_RESPONSE_PACKAGING, CANNED_RESPONSE_VALUE, CANNED_RESPONSE_CUTLERY"
2/5/2025,Nasi Goreng Polonia,Gofood Delivery,F-2757850492,5,,Nasi Goreng Ayam Bakso,"CANNED_RESPONSE_FRESHNESS, CANNED_RESPONSE_TASTE, CANNED_RESPONSE_PORTION, CANNED_RESPONSE_HYGIENE, CANNED_RESPONSE_PACKAGING, CANNED_RESPONSE_VALUE, CANNED_RESPONSE_CUTLERY"
2/5/2025,Nasi Goreng Polonia,Gofood Delivery,F-2757850545,5,,Nasi Goreng Ayam Bakso,"CANNED_RESPONSE_FRESHNESS, CANNED_RESPONSE_TASTE, CANNED_RESPONSE_PORTION, CANNED_RESPONSE_HYGIENE, CANNED_RESPONSE_PACKAGING, CANNED_RESPONSE_VALUE, CANNED_RESPONSE_CUTLERY"
2/8/2025,Nasi Goreng Polonia,Gofood Delivery,F-2760929023,5,,Mie Goreng / Kuah Ayam,
2/8/2025,Nasi Goreng Polonia,Gofood Delivery,F-2760929023,5,,Mie Goreng / Kuah Ayam,
2/11/2025,Nasi Goreng Polonia,Gofood Delivery,F-2763805314,5,,Nasi Goreng Ayam Bakso,"CANNED_RESPONSE_FRESHNESS, CANNED_RESPONSE_TASTE, CANNED_RESPONSE_PORTION, CANNED_RESPONSE_HYGIENE, CANNED_RESPONSE_PACKAGING, CANNED_RESPONSE_VALUE, CANNED_RESPONSE_CUTLERY"
2/11/2025,Nasi Goreng Polonia,Gofood Delivery,F-2763805314,5,,Nasi Goreng Ayam Bakso,"CANNED_RESPONSE_FRESHNESS, CANNED_RESPONSE_TASTE, CANNED_RESPONSE_PORTION, CANNED_RESPONSE_HYGIENE, CANNED_RESPONSE_PACKAGING, CANNED_RESPONSE_VALUE, CANNED_RESPONSE_CUTLERY"
2/12/2025,Nasi Goreng Polonia,Gofood Delivery,F-2764694850,5,,Nasi Goreng Special,"CANNED_RESPONSE_FRESHNESS, CANNED_RESPONSE_TASTE, CANNED_RESPONSE_PORTION, CANNED_RESPONSE_HYGIENE, CANNED_RESPONSE_PACKAGING, CANNED_RESPONSE_VALUE, CANNED_RESPONSE_CUTLERY"
2/12/2025,Nasi Goreng Polonia,Gofood Delivery,F-2764694850,5,,Nasi Goreng Special,"CANNED_RESPONSE_FRESHNESS, CANNED_RESPONSE_TASTE, CANNED_RESPONSE_PORTION, CANNED_RESPONSE_HYGIENE, CANNED_RESPONSE_PACKAGING, CANNED_RESPONSE_VALUE, CANNED_RESPONSE_CUTLERY"
2/12/2025,Nasi Goreng Polonia,Gofood Delivery,F-2764713197,5,,"Nasi Goreng Pete, Nasi Goreng Ayam, Nasi Goreng Teri Medan","CANNED_RESPONSE_TASTE, CANNED_RESPONSE_PORTION, CANNED_RESPONSE_VALUE, CANNED_RESPONSE_FRESHNESS"
2/12/2025,Nasi Goreng Polonia,Gofood Delivery,F-2764713197,5,,"Nasi Goreng Pete, Nasi Goreng Ayam, Nasi Goreng Teri Medan","CANNED_RESPONSE_TASTE, CANNED_RESPONSE_PORTION, CANNED_RESPONSE_VALUE, CANNED_RESPONSE_FRESHNESS"
2/12/2025,Nasi Goreng Polonia,Gofood Delivery,F-2764838167,5,,Bihun Goreng / Kuah Ayam Bakso,
2/12/2025,Nasi Goreng Polonia,Gofood Delivery,F-2764838167,5,,Bihun Goreng / Kuah Ayam Bakso,
2/13/2025,Nasi Goreng Polonia,Gofood Delivery,F-2765482610,5,,Nasi Goreng Special,"CANNED_RESPONSE_FRESHNESS, CANNED_RESPONSE_TASTE, CANNED_RESPONSE_PORTION, CANNED_RESPONSE_HYGIENE, CANNED_RESPONSE_PACKAGING, CANNED_RESPONSE_VALUE, CANNED_RESPONSE_CUTLERY"
2/13/2025,Nasi Goreng Polonia,Gofood Delivery,F-2765482610,5,,Nasi Goreng Special,"CANNED_RESPONSE_FRESHNESS, CANNED_RESPONSE_TASTE, CANNED_RESPONSE_PORTION, CANNED_RESPONSE_HYGIENE, CANNED_RESPONSE_PACKAGING, CANNED_RESPONSE_VALUE, CANNED_RESPONSE_CUTLERY"
2/13/2025,Nasi Goreng Polonia,Gofood Delivery,F-2765804215,5,,"Nasi Goreng Ikan Asin, Air Jeruk",
2/13/2025,Nasi Goreng Polonia,Gofood Delivery,F-2765804215,5,,"Nasi Goreng Ikan Asin, Air Jeruk",
2/14/2025,Nasi Goreng Polonia,Gofood Delivery,F-2766782255,5,,Nasi Goreng Telur,
2/14/2025,Nasi Goreng Polonia,Gofood Delivery,F-2766782255,5,,Nasi Goreng Telur,
2/18/2025,Nasi Goreng Polonia,Gofood Delivery,F-2770432919,5,,"Bihun Goreng / Kuah Ayam, Kwetiau Goreng Ayam","CANNED_RESPONSE_PORTION, CANNED_RESPONSE_TASTE, CANNED_RESPONSE_PACKAGING, CANNED_RESPONSE_CUTLERY, CANNED_RESPONSE_VALUE, CANNED_RESPONSE_FRESHNESS, CANNED_RESPONSE_HYGIENE"
2/18/2025,Nasi Goreng Polonia,Gofood Delivery,F-2770432919,5,,"Bihun Goreng / Kuah Ayam, Kwetiau Goreng Ayam","CANNED_RESPONSE_PORTION, CANNED_RESPONSE_TASTE, CANNED_RESPONSE_PACKAGING, CANNED_RESPONSE_CUTLERY, CANNED_RESPONSE_VALUE, CANNED_RESPONSE_FRESHNESS, CANNED_RESPONSE_HYGIENE"
2/19/2025,Nasi Goreng Polonia,Gofood Delivery,F-2771318720,3,,"Nasi Goreng Ayam Bakso, Nasi Goreng Telur, Mie Goreng / Kuah Ayam Bakso",CANNED_RESPONSE_PORTION
2/19/2025,Nasi Goreng Polonia,Gofood Delivery,F-2771318720,3,,"Nasi Goreng Ayam Bakso, Nasi Goreng Telur, Mie Goreng / Kuah Ayam Bakso",CANNED_RESPONSE_PORTION
2/20/2025,Nasi Goreng Polonia,Gofood Delivery,F-2772454692,1,"PESANAN YG SAYA PESAN TIDAK SESUAI 
DAN RASA NASI GORENG SEAFOODNYA GOSONG DAN HITAM SUNGGUH SANGAT MENGECEWAKAN 
MASA SAYA MAKAN HITAM HITAM DAN PAHIT 
MENYESAL SAYA 
TIDAK DIKASI ALAT MAKAN 
TIDAK BACA APA YG ADA DI NOTE
KEMBALIKAN UANG SAYA !!!!!!!!","Nasi Goreng Ikan Asin, Nasi Goreng Seafood","CANNED_RESPONSE_TASTE, CANNED_RESPONSE_CUTLERY_INCORRECT, CANNED_RESPONSE_VALUE, CANNED_RESPONSE_FRESHNESS"
2/20/2025,Nasi Goreng Polonia,Gofood Delivery,F-2772454692,1,"PESANAN YG SAYA PESAN TIDAK SESUAI 
DAN RASA NASI GORENG SEAFOODNYA GOSONG DAN HITAM SUNGGUH SANGAT MENGECEWAKAN 
MASA SAYA MAKAN HITAM HITAM DAN PAHIT 
MENYESAL SAYA 
TIDAK DIKASI ALAT MAKAN 
TIDAK BACA APA YG ADA DI NOTE
KEMBALIKAN UANG SAYA !!!!!!!!","Nasi Goreng Ikan Asin, Nasi Goreng Seafood","CANNED_RESPONSE_TASTE, CANNED_RESPONSE_CUTLERY_INCORRECT, CANNED_RESPONSE_VALUE, CANNED_RESPONSE_FRESHNESS"
2/22/2025,Nasi Goreng Polonia,Gofood Delivery,F-2774414379,3,rasa masakan tidak sesuai permintaan kepedesan,"Nasi Goreng Telur, Nasi Goreng Ayam Bakso",
2/22/2025,Nasi Goreng Polonia,Gofood Delivery,F-2774414379,3,rasa masakan tidak sesuai permintaan kepedesan,"Nasi Goreng Telur, Nasi Goreng Ayam Bakso",
2/22/2025,Nasi Goreng Polonia,Gofood Delivery,F-2774421288,5,,Nasi Goreng Telur,
2/22/2025,Nasi Goreng Polonia,Gofood Delivery,F-2774421288,5,,Nasi Goreng Telur,
2/22/2025,Nasi Goreng Polonia,Gofood Delivery,F-2774729737,5,,Nasi Goreng Seafood,
2/22/2025,Nasi Goreng Polonia,Gofood Delivery,F-2774729737,5,,Nasi Goreng Seafood,
2/22/2025,Nasi Goreng Polonia,Gofood Delivery,F-2774784089,4,beli makanan 3 tapi cuman dikasih sendok 1,"Nasi Goreng Special, Es Teh Tawar, Air Mineral Aqua- 600 Ml, Kwetiau Goreng / Kuah Ayam Bakso, Nasi Goreng Telur",
2/22/2025,Nasi Goreng Polonia,Gofood Delivery,F-2774784089,4,beli makanan 3 tapi cuman dikasih sendok 1,"Nasi Goreng Special, Es Teh Tawar, Air Mineral Aqua- 600 Ml, Kwetiau Goreng / Kuah Ayam Bakso, Nasi Goreng Telur",
