item_id,order_id,menu_name
1,F-2616596270,Nasi Goreng Kambing
2,F-2616596270,Kwetiau Goreng / Kuah Ayam Bakso
3,F-2622650317,Nasi Goreng Ati Ampela
4,F-2625760663,Kwetiau Siram
5,F-2625760663,Nasi Goreng Ati Ampela
6,F-2626691980,Nasi Goreng Pete Ati Ampela
7,F-2626691980,Nasi Goreng Kambing
8,F-2626691980,Nasi Goreng Ayam Bakso
9,F-2629362503,Kwetiau Goreng / Kuah Ayam Bakso
10,F-2629362503,Bihun Goreng / Kuah Ayam Bakso
11,F-2631519399,Nasi Goreng Ati Ampela
12,F-2632771106,Nasi Goreng Ayam
13,F-2633750482,Kwetiau Goreng / Kuah Ayam Bakso
14,F-2633750482,Nasi Goreng Special
15,F-2633790827,Nasi Goreng Special
16,F-2634627942,Nasi Goreng Ayam Bakso
17,F-2634627942,Nasi Goreng Pete
18,F-2634627942,Nasi Goreng Special
19,F-2639826644,Nasi Goreng Ayam
20,F-2639826644,Bihun Goreng / Kuah Ayam
21,F-2641962912,Nasi Goreng Ati Ampela
22,F-2643125700,Nasi Goreng Pete Ati Ampela
23,F-2644043525,Nasi Goreng Special
24,F-2644043525,Air Jeruk
25,F-2644271758,Nasi Goreng Ati Ampela
26,F-2644271758,Bihun Goreng / Kuah Ayam Bakso
27,F-2644319755,Nasi Goreng Ati Ampela
28,F-2644319755,Capcay Goreng / Kuah
29,F-2647915245,Nasi Goreng Special
30,F-2647915245,Kwetiau Goreng / Kuah Ayam Bakso
31,F-2648480065,Mie Goreng / Kuah Ayam
32,F-2652819375,Kwetiau Goreng / Kuah Ayam Bakso
33,F-2652819375,Nasi Goreng Ayam Bakso
34,F-2657662638,Mie Goreng / Kuah Ayam
35,F-2657662638,Nasi Goreng Seafood
36,F-2657702861,Kwetiau Goreng / Kuah Ayam Bakso
37,F-2657702861,Nasi Goreng Ayam Bakso
38,F-2658741574,Nasi Goreng Ayam Bakso
39,F-2659628801,Nasi Goreng Ati Ampela
40,F-2665806656,Nasi Goreng Ati Ampela
41,F-2665994849,Nasi Goreng Special
42,F-2672934919,Nasi Goreng Ayam Bakso
43,F-2672953591,Nasi Goreng Ayam Bakso
44,F-2678728959,Nasi Goreng Ayam Bakso
45,F-2682475762,Nasi Goreng Teri Medan
46,F-2690710334,Nasi Goreng Ati Ampela
47,F-2690758503,Nasi Goreng Ikan Asin
48,F-2690758503,Nasi Goreng Pete
49,F-2691991284,Nasi Goreng Teri Medan
50,F-2693536570,Capcay Goreng / Kuah
51,F-2697863576,Nasi Goreng Special
52,F-2710283893,Bihun Goreng / Kuah Ayam
53,F-2710283893,Nasi Goreng Ayam
54,F-2711860622,Nasi Goreng Ati Ampela
55,F-2711860622,Nasi Goreng Ayam Bakso
56,F-2712751359,Nasi Goreng Special
57,F-2715157091,Nasi Goreng Special
58,F-2715157091,Nasi Goreng Pete Ati Ampela
59,F-2715157091,Air Jeruk
60,F-2715157091,Es Teh Tawar
61,F-2719869593,Nasi Goreng Special
62,F-2719869593,Nasi Goreng Kambing
63,F-2719869593,Nasi Goreng Teri Medan
64,F-2719869593,Kwetiau Goreng / Kuah Ayam Bakso
65,F-2719869593,Mie Goreng / Kuah Ayam Bakso
66,F-2720295188,Nasi Goreng Pete
67,F-2720295188,Kwetiau Kuah Ayam
68,F-2722007246,Nasi Goreng Special
69,F-2723655181,Nasi Goreng Ayam
70,F-2723655181,Nasi Goreng Pete Ati Ampela
71,F-2723655181,Nasi Goreng Pete Ati Ampela
72,F-2724429111,Nasi Goreng Ati Ampela
73,F-2724488019,Nasi Goreng Ayam Bakso
74,F-2724488019,Capcay Goreng / Kuah
75,F-2724550829,Ifu Mie
76,F-2724550829,Air Jeruk
77,F-2730545794,Nasi Goreng Ayam
78,F-2730545794,Mie Goreng / Kuah Ayam
79,F-2734599289,Nasi Goreng Special
80,F-2734710508,Nasi Goreng Ayam Bakso
81,F-2734710508,Kwetiau Goreng / Kuah Ayam Bakso
82,F-2734893812,Nasi Goreng Ati Ampela
83,F-2737543269,Nasi Goreng Special
84,F-2737543269,Nasi Goreng Ati Ampela
85,F-2737543269,Es Teh Tawar
86,F-2737543269,Mie Goreng / Kuah Ayam Bakso
87,F-2737672281,Nasi Goreng Ayam Bakso
88,F-2739646609,Mie Goreng / Kuah Ayam Bakso
89,F-2739646609,Kwetiau Goreng / Kuah Ayam Bakso
90,F-2739798137,Kwetiau Goreng / Kuah Ayam Bakso
91,F-2739798137,Mie Goreng / Kuah Ayam Bakso
92,F-2740774961,Kwetiau Goreng / Kuah Ayam Bakso
93,F-2740774961,"Teh Manis ""Panas"""
94,F-2740996295,Nasi Goreng Ati Ampela
95,F-2741916275,Mie Goreng / Kuah Ayam Bakso
96,F-2741960442,Nasi Goreng Ayam Bakso
97,F-2741960442,Mie Goreng / Kuah Ayam
98,F-2742867012,Kwetiau Goreng / Kuah Ayam Bakso
99,F-2742867012,Telur
100,F-2743740512,Nasi Goreng Ayam Bakso
101,F-2744503944,Nasi Goreng Ayam Bakso
102,F-2744605398,Nasi Goreng Ayam Bakso
103,F-2744605398,Nasi Goreng Bakso Kornet
104,F-2745441446,Nasi Goreng Special
105,F-2746710250,Nasi Goreng Ayam
106,F-2746710250,Nasi Goreng Ati Ampela
107,F-2749868179,Nasi Goreng Ati Ampela
108,F-2749868179,Nasi Goreng Ayam Bakso
109,F-2749868179,"Teh Manis ""Dingin"""
110,F-2750186227,Nasi Goreng Ayam Bakso
111,F-2750186227,Mie Goreng / Kuah Ayam Bakso
112,F-2750248069,Nasi Goreng Kambing
113,F-2752102687,Nasi Goreng Ati Ampela
114,F-2752166455,Nasi Goreng Ayam Bakso
115,F-2753981453,Nasi Goreng Ayam Bakso
116,F-2753983608,Nasi Goreng Ayam Bakso
117,F-2756237144,Nasi Goreng Ayam Bakso
118,F-2756356861,Nasi Goreng Kambing
119,F-2757109238,Mie Goreng / Kuah Ayam Bakso
120,F-2757109238,Nasi Goreng Bakso Kornet
121,F-2757850492,Nasi Goreng Ayam Bakso
122,F-2757850545,Nasi Goreng Ayam Bakso
123,F-2760929023,Mie Goreng / Kuah Ayam
124,F-2763805314,Nasi Goreng Ayam Bakso
125,F-2764694850,Nasi Goreng Special
126,F-2764713197,Nasi Goreng Pete
127,F-2764713197,Nasi Goreng Ayam
128,F-2764713197,Nasi Goreng Teri Medan
129,F-2764838167,Bihun Goreng / Kuah Ayam Bakso
130,F-2765482610,Nasi Goreng Special
131,F-2765804215,Nasi Goreng Ikan Asin
132,F-2765804215,Air Jeruk
133,F-2766782255,Nasi Goreng Telur
134,F-2770432919,Bihun Goreng / Kuah Ayam
135,F-2770432919,Kwetiau Goreng Ayam
136,F-2771318720,Nasi Goreng Ayam Bakso
137,F-2771318720,Nasi Goreng Telur
138,F-2771318720,Mie Goreng / Kuah Ayam Bakso
139,F-2772454692,Nasi Goreng Ikan Asin
140,F-2772454692,Nasi Goreng Seafood
141,F-2774414379,Nasi Goreng Telur
142,F-2774414379,Nasi Goreng Ayam Bakso
143,F-2774421288,Nasi Goreng Telur
144,F-2774729737,Nasi Goreng Seafood
145,F-2774784089,Nasi Goreng Special
146,F-2774784089,Es Teh Tawar
147,F-2774784089,Air Mineral Aqua- 600 Ml
148,F-2774784089,Kwetiau Goreng / Kuah Ayam Bakso
149,F-2774784089,Nasi Goreng Telur
